"#","Name","Username","Email","Mobile","Created At"
"1","tfn251039 tln251039","tusr251039","t251039@mailinator.com","0412131212","10-10-2025"
"2","tfn251011 tln251011","tusr251011","t251011@mailinator.com","0412131212","10-10-2025"
"3","tfn251017 tln251017","tusr251017","t251017@mailinator.com","0412131212","10-10-2025"
"4","tfn251096 tln251096","tusr251096","t251096@mailinator.com","0412131212","10-10-2025"
"5","tfn251088 tln251088","tusr251088","t251088@mailinator.com","0412131212","10-10-2025"
"6","tfn251022 tln251022","tusr251022","t251022@mailinator.com","0412131212","10-10-2025"
"7","tfn251090 tln251090","tusr251090","t251090@mailinator.com","0412131212","10-10-2025"
"8","tfn251061 tln251061","tusr251061","t251061@mailinator.com","0412131212","10-10-2025"
"9","tfn251097 tln251097","tusr251097","t251097@mailinator.com","0412131212","10-10-2025"
"10","tfn251082 tln251082","tusr251082","t251082@mailinator.com","0412131212","10-10-2025"
"11","tfn251073 tln251073","tusr251073","t251073@mailinator.com","0412131212","10-10-2025"
"12","tfn251083 tln251083","tusr251083","t251083@mailinator.com","0412131212","10-10-2025"
"13","tfn251027 tln251027","tusr251027","t251027@mailinator.com","0412131212","10-10-2025"
"14","tfn251059 tln251059","tusr251059","t251059@mailinator.com","0412131212","10-10-2025"
"15","testtrainer_05 test","testtrainer_05","sumamsebastian2647@gmail.com","","29-05-2025"
"16","Test Tariner25 2025","testtrainer25","testusercloudemy+testtrainer25@gmail.com","","15-04-2025"
"17","Test_Trainer 0724","trainertest07","sumamsebastian2647+trainertest07@gmail.com","0402000000","15-07-2024"
"18","Leo Rivera","test0807","sumamsebastian2647+test0807@gmail.com","","08-07-2024"
"19","liz Wilson","liz","sumamsebastian2647+liz@gmail.com","","26-06-2024"
"20","liza Wilson","liza2402","sumamsebastian2647+liza@gmail.com","","25-06-2024"